,Job desc 1,Job desc 2,Job desc 3,Job desc 4,Job desc 5,Job desc 6,Job desc 7,Job desc 8,Job desc 9,Job desc 10,Job desc 11,Job desc 12,Job desc 13,Job desc 14,Job desc 15,Job desc 16,Job desc 17,Job desc 18,Job desc 19,Job desc 20,Job desc 21,Job desc 22,Job desc 23,Job desc 24,Job desc 25,Job desc 26,Job desc 27,Job desc 28,Job desc 29,Job desc 30,Job desc 31,Job desc 32,Job desc 33,Job desc 34,Job desc 35,Job desc 36,Job desc 37,Job desc 38,Job desc 39,Job desc 40,Job desc 41,Job desc 42,Job desc 43,Job desc 44,Job desc 45,Job desc 46,Job desc 47,Job desc 48,Job desc 49,Job desc 50,Job desc 51,Job desc 52,Job desc 53,Job desc 54,Job desc 55,Job desc 56,Job desc 57,Job desc 58,Job desc 59,Job desc 60,Job desc 61,Job desc 62,Job desc 63,Job desc 64,Job desc 65,Job desc 66,Job desc 67,Job desc 68,Job desc 69,Job desc 70,Job desc 71,Job desc 72,Job desc 73,Job desc 74,Job desc 75,Job desc 76,Job desc 77,Job desc 78,Job desc 79,Job desc 80,Job desc 81,Job desc 82,Job desc 83,Job desc 84,Job desc 85,Job desc 86,Job desc 87,Job desc 88,Job desc 89,Job desc 90,Job desc 91,Job desc 92,Job desc 93,Job desc 94,Job desc 95,Job desc 96,Job desc 97,Job desc 98,Job desc 99,Job desc 100,
Mission title,Data Engineer,Business Analyst,Machine learning Engineer,Data Analyst,Artificial Intelligence Engineer,Database Administrator,Data Engineer,Artificial Intelligence Engineer,Big Data Architect,Data Scientist,Data Analyst,Artificial Intelligence Engineer,Machine learning Engineer,Python Developer,Data Analyst,Data Engineer,Data Scientist,Database Developer,Database Developer,Machine learning Engineer,Data Analyst,Data Scientist,Business Analyst,Business Analyst,Data Analyst,Database Administrator,Database Developer,Data Analyst,Business Analyst,Database Administrator,Data Analyst,Business Analyst,Data Engineer,Data Engineer,Data Analyst,Data Engineer,Data Analyst,Database Developer,Business Analyst,Big Data Architect,Machine learning Engineer,Data Engineer,Data Scientist,Python Developer,Data Analyst,Data Analyst,Data Analyst,Big Data Architect,Database Developer,Database Administrator,Business Analyst,Database Developer,Database Developer,Data Scientist,Artificial Intelligence Engineer,Data Analyst,Data Engineer,Database Administrator,Big Data Architect,Machine learning Engineer,Big Data Architect,Data Engineer,Data Scientist,Business Analyst,Python Developer,Database Administrator,Data Analyst,Python Developer,Data Analyst,Data Analyst,Data Scientist,Data Analyst,Data Engineer,Data Analyst,Data Scientist,Data Analyst,Business Analyst,Data Scientist,Big Data Architect,Data Engineer,Data Engineer,Data Engineer,Data Scientist,Data Analyst,Data Engineer,Data Scientist,Data Engineer,Machine learning Engineer,Big Data Architect,Data Scientist,Data Scientist,Database Administrator,Data Scientist,Data Analyst,Data Scientist,Data Engineer,Machine learning Engineer,Machine learning Engineer,Data Analyst,Database Developer,
Hard skills,python ; sql ; aws ; tableau ; datavault 2.0,python ; spark ; java ; data warehousing ; hadoop,java script ; mongodb ; r ; sas ; hadoop,docker ; angular ; python ; aws ; c,sql ; django ; spark ; javascript ; business intelligence,machine learning ; excel ; tableau ; tableau ; data warehouse,nosql ; c++ ; data warehousing ; python ; react,power bi ; deep learning ; jira ; python ; angular,rest api ; etl ; xml ; sas ; analytics,tensorflow ; deep learning ; power bi ; java ; scala,spark ; artificial intelligence ; tensorflow ; scala ; mongodb,data engineering ; big data ; java ; django ; artificial intelligence,sql ; jenkins ; statistics ; business intelligence ; mongodb,rest api ; data analytics ; oracle ; big data ; sap,r ; data analytics ; data warehouse ; python ; hadoop,python ; nlp ; c ; data mining ; sql,deep learning ; data visualization ; business intelligence ; python ; sql,django ; scala ; xml ; power bi ; statistics,artificial intelligence ; nosql ; big data ; data analytics ; react,data warehouse ; go ; statistics ; machine learning ; python,data visualization ; tensorflow ; go ; c++ ; big data,statistics ; mongodb ; jira ; python ; sap,sas ; spark ; artificial intelligence ; java ; docker,jenkins ; oracle ; deep learning ; sql ; xml,data modelling ; aws ; networks ; nlp ; python,jenkins ; spark ; hadoop ; mongodb ; business intelligence,html ; kubernetes ; rest api ; mysql ; artificial intelligence,scala ; linux ; nosql ; data warehousing ; analytics,excel ; html ; scrum ; django ; business intelligence,kubernetes ; kafka ; html ; hadoop ; jenkins,python ; jira ; deep learning ; nosql ; big data,scrum ; java ; jenkins ; sas ; artificial intelligence,angular ; go ; deep learning ; java script ; big data,sql ; react ; docker ; html ; angular,python ; angular ; java script ; data warehousing ; tableau,power bi ; javascript ; rest api ; sap ; devops,kafka ; scrum ; mysql ; machine learning ; power bi,data analytics ; spark ; tensorflow ; power bi ; scrum,google cloud platform ; sql ; data analytics ; hadoop ; tensorflow,analytics ; mongodb ; data mining ; tableau ; angular,azure ; statistics ; kubernetes ; artificial intelligence ; deep learning,python ; nlp ; devops ; xml ; artificial intelligence,docker ; data modelling ; nosql ; javascript ; python,spark ; nlp ; rest api ; deep learning ; nosql,mysql ; azure ; linux ; angular ; django,statistics ; kafka ; scala ; tensorflow ; react,sap ; aws ; linux ; xml ; artificial intelligence,python ; go ; data mining ; tableau ; agile,aws ; data analytics ; mongodb ; scrum ; google cloud platform,python ; data engineering ; spark ; tableau ; data modelling,data analytics ; nlp ; data modelling ; react ; excel,react ; aws ; r ; tensorflow ; html,angular ; c++ ; etl ; statistics ; hadoop,tensorflow ; business intelligence ; networks ; oracle ; etl,artificial intelligence ; hadoop ; devops ; oracle ; scala,data analytics ; django ; mongodb ; devops ; nlp,machine learning ; devops ; mysql ; react ; data visualization,html ; deep learning ; oracle ; rest api ; artificial intelligence,mongodb ; data warehousing ; angular ; big data ; data mining,kubernetes ; oracle ; nlp ; docker ; artificial intelligence,rest api ; data engineering ; python ; big data ; kubernetes,jira ; c++ ; data engineering ; c ; data warehouse,python ; nosql ; kafka ; data modelling ; deep learning,analytics ; kafka ; r ; business intelligence ; machine learning,html ; artificial intelligence ; deep learning ; angular ; c++,data modelling ; azure ; kafka ; scala ; kubernetes,data analytics ; networks ; data visualization ; c ; go,hadoop ; python ; scala ; javascript ; angular,html ; xml ; networks ; power bi ; data engineering,kafka ; sap ; python ; hadoop ; go,sql ; data visualization ; django ; java script ; devops,azure ; java ; go ; data mining ; mongodb,go ; azure ; sap ; etl ; google cloud platform,rest api ; python ; hadoop ; tableau ; data warehouse,jira ; data visualization ; tableau ; sql ; data warehousing,data analytics ; data mining ; artificial intelligence ; data warehouse ; xml,deep learning ; data mining ; analytics ; sql ; devops,data analytics ; sas ; nosql ; javascript ; scala,machine learning ; data visualization ; devops ; excel ; artificial intelligence,scrum ; data modelling ; mysql ; sas ; angular,networks ; data modelling ; html ; tensorflow ; c++,scala ; spark ; analytics ; azure ; oracle,java ; machine learning ; sap ; kafka ; analytics,mongodb ; python ; google cloud platform ; sql ; kafka,r ; sap ; oracle ; data analytics ; jira,sas ; kubernetes ; big data ; rest api ; go,python ; javascript ; react ; sql ; statistics,django ; nosql ; excel ; javascript ; sas,go ; r ; kafka ; networks ; google cloud platform,data warehousing ; javascript ; xml ; devops ; jira,scrum ; go ; oracle ; sap ; rest api,oracle ; data visualization ; go ; business intelligence ; jira,spark ; deep learning ; java script ; python ; data engineering,r ; agile ; business intelligence ; tensorflow ; scala,data mining ; python ; business intelligence ; agile ; rest api,kubernetes ; tableau ; html ; javascript ; data warehouse,rest api ; r ; python ; c ; data mining,artificial intelligence ; hadoop ; nlp ; data visualization ; power bi,rest api ; data analytics ; xml ; google cloud platform ; aws,spark ; java script ; docker ; c ; go,
Level of experience,2 ; 3 ; 1 ; 3 ; 2,3 ; 2 ; 5 ; 3 ; 4,2 ; 3 ; 2 ; 3 ; 4,5 ; 1 ; 5 ; 4 ; 3,4 ; 5 ; 2 ; 3 ; 3,2 ; 3 ; 1 ; 4 ; 5,2 ; 2 ; 4 ; 6 ; 5,2 ; 3 ; 5 ; 3 ; 5,5 ; 4 ; 6 ; 2 ; 3,4 ; 4 ; 4 ; 3 ; 3,2 ; 2 ; 5 ; 5 ; 5,5 ; 2 ; 1 ; 5 ; 5,4 ; 2 ; 4 ; 5 ; 4,6 ; 4 ; 2 ; 6 ; 5,3 ; 1 ; 3 ; 5 ; 5,5 ; 4 ; 2 ; 2 ; 4,5 ; 5 ; 2 ; 6 ; 6,5 ; 3 ; 3 ; 3 ; 2,3 ; 4 ; 3 ; 1 ; 5,3 ; 2 ; 2 ; 6 ; 6,1 ; 6 ; 2 ; 5 ; 4,4 ; 6 ; 5 ; 2 ; 5,2 ; 2 ; 5 ; 1 ; 4,1 ; 1 ; 6 ; 1 ; 4,5 ; 3 ; 2 ; 5 ; 3,2 ; 2 ; 4 ; 6 ; 4,2 ; 5 ; 3 ; 3 ; 5,4 ; 6 ; 3 ; 1 ; 1,2 ; 4 ; 5 ; 5 ; 3,5 ; 1 ; 4 ; 2 ; 1,5 ; 4 ; 3 ; 4 ; 6,4 ; 5 ; 3 ; 3 ; 2,4 ; 2 ; 3 ; 3 ; 1,2 ; 3 ; 1 ; 2 ; 2,5 ; 2 ; 3 ; 4 ; 1,4 ; 5 ; 5 ; 4 ; 5,4 ; 2 ; 6 ; 4 ; 5,6 ; 3 ; 3 ; 4 ; 6,1 ; 4 ; 3 ; 3 ; 5,4 ; 4 ; 4 ; 4 ; 6,1 ; 4 ; 2 ; 5 ; 4,2 ; 1 ; 3 ; 3 ; 2,5 ; 4 ; 5 ; 2 ; 6,6 ; 2 ; 3 ; 4 ; 2,3 ; 2 ; 1 ; 1 ; 3,2 ; 1 ; 3 ; 5 ; 5,4 ; 3 ; 2 ; 5 ; 2,4 ; 6 ; 4 ; 4 ; 3,2 ; 4 ; 5 ; 5 ; 5,3 ; 2 ; 5 ; 1 ; 2,3 ; 4 ; 4 ; 2 ; 4,4 ; 2 ; 5 ; 3 ; 4,1 ; 3 ; 2 ; 4 ; 1,4 ; 3 ; 3 ; 1 ; 3,3 ; 1 ; 2 ; 4 ; 4,5 ; 2 ; 1 ; 2 ; 1,6 ; 2 ; 3 ; 4 ; 4,3 ; 1 ; 3 ; 1 ; 3,1 ; 2 ; 5 ; 5 ; 3,2 ; 2 ; 6 ; 4 ; 5,1 ; 5 ; 4 ; 4 ; 6,1 ; 2 ; 4 ; 5 ; 5,3 ; 4 ; 4 ; 1 ; 3,2 ; 3 ; 4 ; 4 ; 2,6 ; 1 ; 3 ; 1 ; 3,1 ; 1 ; 3 ; 5 ; 3,3 ; 1 ; 3 ; 3 ; 6,1 ; 5 ; 1 ; 5 ; 1,3 ; 2 ; 2 ; 3 ; 2,2 ; 1 ; 1 ; 5 ; 5,1 ; 3 ; 1 ; 2 ; 4,3 ; 5 ; 4 ; 5 ; 5,1 ; 3 ; 5 ; 2 ; 1,6 ; 5 ; 1 ; 5 ; 1,2 ; 3 ; 5 ; 1 ; 2,4 ; 4 ; 5 ; 2 ; 1,1 ; 6 ; 4 ; 4 ; 1,3 ; 2 ; 3 ; 3 ; 5,2 ; 1 ; 5 ; 1 ; 2,1 ; 2 ; 1 ; 3 ; 4,3 ; 2 ; 2 ; 4 ; 3,2 ; 4 ; 5 ; 5 ; 3,1 ; 3 ; 1 ; 5 ; 1,3 ; 5 ; 1 ; 4 ; 2,1 ; 5 ; 4 ; 3 ; 4,2 ; 3 ; 3 ; 4 ; 4,4 ; 4 ; 6 ; 4 ; 3,4 ; 3 ; 5 ; 3 ; 2,1 ; 4 ; 5 ; 4 ; 1,4 ; 1 ; 1 ; 2 ; 4,1 ; 5 ; 4 ; 1 ; 3,1 ; 4 ; 6 ; 5 ; 1,4 ; 2 ; 4 ; 1 ; 4,4 ; 2 ; 1 ; 4 ; 6,4 ; 4 ; 4 ; 6 ; 5,5 ; 2 ; 2 ; 3 ; 2,3 ; 2 ; 4 ; 4 ; 1,3 ; 5 ; 3 ; 3 ; 5,1 ; 4 ; 5 ; 4 ; 2,4 ; 2 ; 4 ; 1 ; 4,
Languages,English; Dutch,English; Thai,English; Azerbaijani,English; Armenian,English; Slovenian,English; Tamil,English; Malay,English; Icelandic,English; Swahili,English; Icelandic,English; Swahili,English; Lao,English; Chinese,English; Khmer,English; Farsi,English; Albanian,English; Russian,English; Haitian Creole,English; French,English; Vietnamese,English; Bengali,English; Telugu,English; Tajiki,English; Tibetan,English; Malay,English; Ukranian,English; Uzbek,English; Tamil,English; Dari,English; Chinese,English; Swahili,English; Swahili,English; Turkmen,English; Gujarati,English; Swedish,English; Czech,English; Lithuanian,English; Thai,English; Hungarian,English; Estonian,English; Turkish,English; Armenian,English; Mongolian,English; Latvian,English; Farsi,English; Tagalog,English; Romanian,English; Tajiki,English; Azerbaijani,English; German,English; Russian,English; Russian,English; Finnish,English; Hebrew,English; Norwegian,English; Turkish,English; Slovenian,English; Japanese,English; Nepali,English; Uzbek,English; Latvian,English; Somali,English; Turkmen,English; Turkish,English; Telugu,English; Swahili,English; Tamil,English; Amharic,English; Pashto,English; German,English; Portuguese,English; Haitian Creole,English; Spanish,English; Mongolian,English; Azerbaijani,English; Tamil,English; Hebrew,English; Nepali,English; Malay,English; Gujarati,English; Japanese,English; Estonian,English; Danish,English; Lithuanian,English; Japanese,English; Pashto,English; Gujarati,English; Mongolian,English; Dari,English; Dari,English; Swahili,English; Amharic,English; Telugu,English; Estonian,English; Vietnamese,English; Mongolian,English; Georgian,English; Mongolian,English; Urdu,English; Tajiki,
Mission length,2020-09-25 to 2021-07-15,2020-11-19 to 2021-01-25,2020-09-18 to 2021-05-17,2020-11-04 to 2022-08-15,2021-02-06 to 2022-08-11,2021-08-01 to 2022-05-11,2020-12-08 to 2021-06-21,2022-01-03 to 2022-05-11,2020-12-04 to 2021-09-27,2020-09-26 to 2021-06-27,2022-06-27 to 2022-09-04,2020-12-26 to 2021-12-11,2020-09-04 to 2021-04-26,2021-09-29 to 2022-02-19,2020-09-12 to 2022-02-07,2022-01-03 to 2022-05-11,2022-03-01 to 2022-07-10,2020-10-30 to 2022-03-26,2021-01-25 to 2021-12-31,2021-05-10 to 2022-03-04,2021-05-17 to 2021-08-16,2020-11-10 to 2022-02-15,2021-12-12 to 2022-01-08,2021-07-09 to 2021-08-25,2021-05-18 to 2021-07-28,2020-11-13 to 2022-08-23,2022-03-20 to 2022-07-14,2020-11-01 to 2022-02-07,2021-05-20 to 2022-07-09,2020-12-05 to 2021-09-21,2021-09-01 to 2022-08-11,2021-12-18 to 2022-03-27,2021-01-04 to 2022-04-29,2020-11-16 to 2022-04-10,2020-11-15 to 2021-07-20,2021-08-22 to 2021-10-12,2020-11-27 to 2022-07-17,2021-08-09 to 2021-12-13,2021-08-02 to 2022-04-18,2021-09-08 to 2021-12-29,2021-09-16 to 2022-04-09,2021-02-20 to 2022-07-20,2022-01-29 to 2022-08-27,2021-03-23 to 2022-02-19,2021-10-02 to 2022-08-19,2021-04-18 to 2021-11-21,2021-04-25 to 2022-06-12,2022-05-09 to 2022-08-13,2021-10-29 to 2022-05-17,2021-03-23 to 2022-07-09,2020-12-31 to 2021-11-24,2020-10-21 to 2020-12-01,2020-10-30 to 2022-07-02,2021-02-03 to 2022-06-08,2020-11-24 to 2021-07-19,2021-01-30 to 2022-07-29,2021-02-01 to 2022-07-29,2020-09-08 to 2021-09-20,2020-10-31 to 2022-01-11,2021-01-29 to 2022-03-12,2020-09-09 to 2021-12-28,2020-11-06 to 2022-06-09,2021-01-21 to 2022-01-30,2021-01-31 to 2021-07-03,2020-09-07 to 2021-05-28,2020-09-26 to 2022-06-04,2021-01-24 to 2021-02-27,2020-12-09 to 2021-08-16,2020-11-03 to 2021-03-02,2021-02-11 to 2022-08-10,2021-01-21 to 2021-04-14,2020-11-19 to 2020-11-29,2021-01-14 to 2021-04-25,2020-12-11 to 2021-12-12,2021-02-09 to 2021-12-05,2020-11-26 to 2021-02-19,2020-10-02 to 2021-11-10,2020-10-21 to 2020-10-12,2020-10-10 to 2021-10-17,2020-12-09 to 2021-09-13,2021-01-08 to 2021-08-15,2020-11-12 to 2021-02-06,2020-12-21 to 2021-02-13,2020-11-21 to 2021-05-28,2020-12-19 to 2021-05-02,2020-12-27 to 2022-01-02,2020-10-30 to 2021-09-28,2020-09-19 to 2021-04-18,2020-12-06 to 2021-10-29,2021-01-06 to 2022-08-25,2021-01-21 to 2021-08-22,2020-11-13 to 2021-03-03,2021-02-16 to 2021-02-03,2020-11-29 to 2022-05-31,2021-02-09 to 2021-08-19,2020-11-21 to 2021-02-15,2021-01-11 to 2021-09-11,2020-10-08 to 2021-05-24,2021-01-11 to 2021-02-14,2020-09-04 to 2022-05-13,
Location (city),Brussels,Brentford,Brentford,Brugge,Hounslow,Brentford,South East England,Canary Wharf,Ghent,Namur,Dartford,Slough,Dartford,Kings Cross,Woking,Slough,City of Westminster,City of Westminster,Ghent,London,Brentford,Woking,Ghent,Staines-upon-Thames,Charleroi,Hounslow,City of Westminster,Slough,Canary Wharf,Slough,Brugge,Brentford,Harlow,Dartford,Canary Wharf,Dartford,Hatfield,Antwerp,Canary Wharf,Watford,Harlow,Namur,Brussels,London,Harlow,Ghent,Woking,City of Westminster,Woking,Brentford,Namur,Watford,Woking,Woking,Woking,Brussels,City of Westminster,Hemel Hempstead,Chertsey,Slough,Hounslow,Staines-upon-Thames,Hounslow,Kings Cross,City of Westminster,Canary Wharf,Antwerp,Liege,Hatfield,Kings Cross,Ghent,Hemel Hempstead,Harlow,Hatfield,Liege,Canary Wharf,Woking,Cheshunt,Brentford,Hemel Hempstead,Watford,Antwerp,London,Slough,Slough,Hatfield,Hemel Hempstead,Harlow,Namur,Hatfield,Chertsey,Brentford,Brussels,Liege,South East England,Hatfield,Brugge,Hemel Hempstead,Canary Wharf,Antwerp,
Industry,Construction,Recreation,Government,Food & Beverage,Technology,Defense & Spatial,Technology,Agriculture,Non-profit,Engineering,Defense & Spatial,Manufacturing,Chemicals,Education,Education,Transportation,Chemicals,Insurance,Transportation,Pharmaceutical/Healthcare,Insurance,Transportation,Banking,Consulting,Energy & Utilities,Media,Electronics,Non-profit,Manufacturing,Construction,Energy & Utilities,Communications,Media,Retail,Shipping,Energy & Utilities,Chemicals,Technology,Media,Chemicals,Agriculture,Agriculture,Chemicals,Engineering,Media,Engineering,Education,Healthcare,Manufacturing,Technology,Chemicals,Construction,Construction,Transportation,Healthcare,Retail,Shipping,Recreation,Insurance,Hospitality,Finance,Shipping,Pharmaceutical/Healthcare,Biotechnology,Pharmaceutical/Healthcare,Technology,Engineering,Education,Consulting,Media,Telecommunications,Manufacturing,Construction,Finance,Retail,Banking,Chemicals,Retail,Finance,Pharmaceutical/Healthcare,Pharmaceutical/Healthcare,Defense & Spatial,Machinery,Entertainment,Chemicals,Consulting,Government,Consulting,Apparel,Transportation,Defense & Spatial,Food & Beverage,Banking,Transportation,Apparel,Technology,Banking,Food & Beverage,Hospitality,Entertainment,
Daily Rate,600,1000,850,950,650,950,950,650,600,1000,550,950,650,800,800,1000,500,800,800,1000,500,650,650,750,900,550,650,700,800,700,500,600,1000,750,500,950,650,900,900,700,550,700,900,900,500,500,850,550,1000,650,800,900,700,800,800,700,550,850,750,750,600,750,850,550,750,950,800,700,850,850,800,700,950,550,850,950,800,550,900,600,1000,650,600,600,550,1000,800,650,1000,600,750,550,500,950,750,700,550,750,750,900,
Work regime,Full-time,Part-time,Part-time,Part-time,Full-time,Part-time,Part-time,Part-time,Part-time,Part-time,Part-time,Full-time,Full-time,Full-time,Full-time,Part-time,Part-time,Part-time,Full-time,Full-time,Full-time,Part-time,Part-time,Part-time,Part-time,Part-time,Full-time,Part-time,Full-time,Part-time,Part-time,Part-time,Full-time,Part-time,Part-time,Part-time,Part-time,Part-time,Part-time,Part-time,Full-time,Part-time,Part-time,Full-time,Full-time,Part-time,Full-time,Part-time,Full-time,Full-time,Part-time,Full-time,Full-time,Full-time,Part-time,Part-time,Full-time,Part-time,Full-time,Full-time,Full-time,Part-time,Part-time,Part-time,Part-time,Full-time,Part-time,Full-time,Full-time,Full-time,Part-time,Part-time,Part-time,Part-time,Part-time,Full-time,Part-time,Part-time,Part-time,Part-time,Full-time,Full-time,Part-time,Part-time,Full-time,Full-time,Full-time,Part-time,Full-time,Full-time,Full-time,Part-time,Full-time,Part-time,Part-time,Part-time,Part-time,Full-time,Full-time,Full-time,
Remote work,On-site with some remote days,Remote,Remote,On-site with some remote days,Remote,Remote,Remote,On-site with some remote days,On-site with some remote days,Remote,Remote,On-site with some remote days,Remote,Remote,On-site with some remote days,Remote,On-site with some remote days,Remote,Remote,On-site with some remote days,Remote,On-site with some remote days,Remote,Remote,Remote,On-site with some remote days,Remote,On-site with some remote days,Remote,Remote,Remote,Remote,On-site with some remote days,On-site with some remote days,Remote,Remote,Remote,Remote,Remote,Remote,On-site with some remote days,Remote,On-site with some remote days,Remote,Remote,On-site with some remote days,Remote,On-site with some remote days,On-site with some remote days,Remote,Remote,Remote,On-site with some remote days,Remote,Remote,Remote,On-site with some remote days,On-site with some remote days,Remote,Remote,On-site with some remote days,Remote,On-site with some remote days,Remote,Remote,Remote,On-site with some remote days,Remote,Remote,Remote,On-site with some remote days,On-site with some remote days,Remote,On-site with some remote days,Remote,Remote,On-site with some remote days,Remote,On-site with some remote days,Remote,Remote,Remote,Remote,Remote,On-site with some remote days,Remote,Remote,Remote,Remote,On-site with some remote days,Remote,Remote,On-site with some remote days,Remote,Remote,On-site with some remote days,Remote,On-site with some remote days,Remote,Remote,
Company size,Medium (50-250 employees),Medium (50-250 employees),Micro (1-10 employees),Medium (50-250 employees),Micro (1-10 employees),Small (10 - 50 employees),Small (10 - 50 employees),Micro (1-10 employees),Large (250+ employees),Medium (50-250 employees),Large (250+ employees),Small (10 - 50 employees),Medium (50-250 employees),Large (250+ employees),Small (10 - 50 employees),Micro (1-10 employees),Large (250+ employees),Large (250+ employees),Medium (50-250 employees),Micro (1-10 employees),Micro (1-10 employees),Medium (50-250 employees),Medium (50-250 employees),Small (10 - 50 employees),Small (10 - 50 employees),Large (250+ employees),Large (250+ employees),Medium (50-250 employees),Small (10 - 50 employees),Small (10 - 50 employees),Small (10 - 50 employees),Micro (1-10 employees),Large (250+ employees),Micro (1-10 employees),Medium (50-250 employees),Micro (1-10 employees),Medium (50-250 employees),Large (250+ employees),Micro (1-10 employees),Medium (50-250 employees),Micro (1-10 employees),Small (10 - 50 employees),Micro (1-10 employees),Small (10 - 50 employees),Micro (1-10 employees),Micro (1-10 employees),Micro (1-10 employees),Small (10 - 50 employees),Large (250+ employees),Small (10 - 50 employees),Small (10 - 50 employees),Large (250+ employees),Small (10 - 50 employees),Large (250+ employees),Small (10 - 50 employees),Medium (50-250 employees),Large (250+ employees),Large (250+ employees),Small (10 - 50 employees),Large (250+ employees),Small (10 - 50 employees),Medium (50-250 employees),Large (250+ employees),Large (250+ employees),Medium (50-250 employees),Medium (50-250 employees),Medium (50-250 employees),Medium (50-250 employees),Micro (1-10 employees),Small (10 - 50 employees),Micro (1-10 employees),Small (10 - 50 employees),Medium (50-250 employees),Small (10 - 50 employees),Medium (50-250 employees),Micro (1-10 employees),Small (10 - 50 employees),Small (10 - 50 employees),Large (250+ employees),Small (10 - 50 employees),Micro (1-10 employees),Micro (1-10 employees),Micro (1-10 employees),Medium (50-250 employees),Medium (50-250 employees),Large (250+ employees),Small (10 - 50 employees),Medium (50-250 employees),Medium (50-250 employees),Small (10 - 50 employees),Micro (1-10 employees),Small (10 - 50 employees),Medium (50-250 employees),Micro (1-10 employees),Medium (50-250 employees),Small (10 - 50 employees),Medium (50-250 employees),Medium (50-250 employees),Large (250+ employees),Medium (50-250 employees),
Mission constraint,Time,Budget,Expertise,Time,Time,Expertise,Time,Expertise,Time,Budget,Budget,Budget,Time,Budget,Time,Expertise,Time,Budget,Expertise,Expertise,Expertise,Expertise,Budget,Expertise,Time,Expertise,Expertise,Budget,Expertise,Time,Budget,Time,Expertise,Expertise,Time,Time,Time,Time,Expertise,Budget,Time,Expertise,Time,Time,Budget,Budget,Expertise,Budget,Expertise,Time,Time,Budget,Budget,Budget,Budget,Expertise,Budget,Budget,Time,Expertise,Time,Budget,Expertise,Budget,Expertise,Time,Time,Time,Time,Time,Budget,Expertise,Time,Time,Budget,Time,Time,Budget,Budget,Time,Time,Budget,Budget,Budget,Time,Budget,Time,Time,Expertise,Time,Expertise,Expertise,Budget,Budget,Time,Time,Budget,Expertise,Expertise,Time,
Tech stack,big data ; django ; scala,python ; datavault 2.0 ; talend,data modelling ; c ; artificial intelligence,django ; spark ; power bi,data mining ; python ; talend,html ; python ; statistics,sql ; data analytics ; scala,scala ; mysql ; mongodb,aws ; html ; nlp,jira ; c ; angular,tableau ; mysql ; machine learning,python ; statistics ; data warehouse,agile ; excel ; aws,scala ; mysql ; data warehouse,sql ; rest api ; django,sql ; scrum ; javascript,angular ; javascript ; hadoop,business intelligence ; scala ; python,javascript ; machine learning ; django,rest api ; excel ; mysql,r ; xml ; tableau,rest api ; data modelling ; google cloud platform,tensorflow ; oracle ; agile,mysql ; networks ; oracle,c ; scala ; linux,data analytics ; data warehouse ; scala,python ; data modelling ; artificial intelligence,sas ; sql ; oracle,linux ; nosql ; statistics,mongodb ; c ; c++,oracle ; analytics ; statistics,data warehouse ; data visualization ; django,aws ; go ; sas,linux ; data warehousing ; sql,data engineering ; excel ; xml,java ; python ; mongodb,data mining ; jira ; sap,statistics ; devops ; hadoop,c ; sas ; c++,devops ; artificial intelligence ; data warehouse,react ; nlp ; cassandra,sap ; python ; machine learning,data warehousing ; data modelling ; sql,mysql ; jira ; networks,tableau ; c++ ; google cloud platform,statistics ; etl ; artificial intelligence,data visualization ; big data ; devops,data mining ; kubernetes ; go,statistics ; java ; scala,google cloud platform ; mysql ; excel,machine learning; linux; statistics,c; django; nosql,docker; kubernetes; analytics,networks; deep learning; spark,spark; data warehouse; django,analytics; html; data modelling,data warehouse; oracle; sql,scala; python; statistics,c; kafka; hadoop,kafka; c; analytics,data engineering; scala; nlp,oracle; tableau; machine learning,data warehouse; xml; tableau,tensorflow; hadoop; nlp,data warehousing; java; rest api,kubernetes; java script; excel,javascript; sap; data analytics,scala; oracle; statistics,angular; r; data warehousing,java; javascript; go,kafka; django; oracle,sas; scala; power bi,html; agile; artificial intelligence,analytics; hadoop; data visualization,go; java script; data analytics,azure; linux; sap,rest api; analytics; django,django; javascript; tableau,xml; excel; tableau,react; docker; mysql,rest api; html; r,agile; jenkins; django,scrum; jira; java script,mongodb; django; html,oracle; data warehousing; docker,networks; jira; react,power bi; xml; spark,excel; business intelligence; java script,java script; sas; hadoop,sap; c++; excel,scala; django; scrum,sap; etl; hadoop,business intelligence; artificial intelligence; agile,machine learning; data warehouse; python,jenkins; r; deep learning,nosql; statistics; java script,power bi; business intelligence; etl,machine learning; c; nosql,etl; devops; deep learning,nlp; aws; data visualization,
